"US0075 , US , 33.0033 , -96.705"
"US0075 , US , 33.0022 , -96.707"
"US0075 , US , 33.0024 , -96.707"
"US0075 , US , 33.0037 , -96.708"
"US0075 , US , 33.0038 , -96.708"
"US0075 , US , 33.0039 , -96.708"
"US0075 , US , 33.0023 , -96.707"
"US0075 , US , 33.0027 , -96.707"
"US0075 , US , 33.0028 , -96.707"
"US0075 , US , 33.0030 , -96.707"
"US0075 , US , 33.0031 , -96.706"
"US0075 , US , 33.0021 , -96.708"
"US0075 , US , 33.0014 , -96.708"
"US0075 , US , 32.9998 , -96.708"
"US0075 , US , 32.9988 , -96.708"
"US0075 , US , 32.9989 , -96.708"
"US0075 , US , 32.9997 , -96.708"
"US0075 , US , 33.0019 , -96.708"
"US0075 , US , 33.0036 , -96.707"
"US0075 , US , 33.0034 , -96.707"
"US0075 , US , 33.0036 , -96.712"
"US0075 , US , 33.0035 , -96.712"
"US0075 , US , 33.0035 , -96.710"
"US0075 , US , 33.0034 , -96.709"
"US0075 , US , 33.0035 , -96.704"
"US0075 , US , 33.0035 , -96.703"
"US0075 , US , 33.0035 , -96.702"
"US0075 , US , 33.0037 , -96.715"
"US0075 , US , 33.0036 , -96.714"
"US0075 , US , 33.0035 , -96.711"
"US0075 , US , 33.0032 , -96.709"
"US0075 , US , 33.0026 , -96.709"
"US0075 , US , 33.0020 , -96.708"
"US0075 , US , 33.0025 , -96.707"
"US0075 , US , 33.0002 , -96.708"
"US0075 , US , 32.9994 , -96.708"
"US0075 , US , 32.9854 , -96.711"
"US0075 , US , 32.9843 , -96.711"
"US0075 , US , 32.9895 , -96.710"
"US0075 , US , 32.9894 , -96.710"
"US0075 , US , 32.9404 , -96.745"
"US0075 , US , 32.9400 , -96.745"
"US0075 , US , 32.9398 , -96.745"
"US0075 , US , 32.9397 , -96.745"
"US0075 , US , 32.9666 , -96.721"
"US0075 , US , 32.9661 , -96.721"
"US0075 , US , 32.9658 , -96.722"
"US0075 , US , 32.9656 , -96.722"
"US0075 , US , 32.9649 , -96.722"
"US0075 , US , 32.9646 , -96.723"
"US0075 , US , 32.9643 , -96.723"
"US0075 , US , 32.9637 , -96.724"
"US0075 , US , 32.9630 , -96.724"
"US0075 , US , 32.9624 , -96.725"
"US0075 , US , 32.9617 , -96.726"
"US0075 , US , 32.9614 , -96.726"
"US0075 , US , 32.9611 , -96.726"
"US0075 , US , 32.9611 , -96.727"
"US0075 , US , 32.9938 , -96.709"
"US0075 , US , 32.9934 , -96.709"
"US0075 , US , 32.9719 , -96.718"
"US0075 , US , 32.9718 , -96.718"
"US0075 , US , 32.9682 , -96.720"
"US0075 , US , 32.9676 , -96.720"
"US0075 , US , 32.9669 , -96.721"
"US0075 , US , 32.9667 , -96.721"
"US0075 , US , 32.9855 , -96.711"
"US0075 , US , 32.9750 , -96.716"
"US0075 , US , 32.9748 , -96.716"
"US0075 , US , 32.9742 , -96.716"
"US0075 , US , 32.9736 , -96.717"
"US0075 , US , 32.9731 , -96.717"
"US0075 , US , 32.9725 , -96.717"
"US0075 , US , 32.9384 , -96.747"
"US0075 , US , 32.9976 , -96.708"
"US0075 , US , 32.9607 , -96.727"
"US0075 , US , 32.9383 , -96.747"
"US0075 , US , 32.9380 , -96.748"
"US0075 , US , 32.9378 , -96.748"
"US0075 , US , 32.9973 , -96.709"
"US0075 , US , 32.9969 , -96.709"
"US0075 , US , 32.9916 , -96.709"
"US0075 , US , 32.9906 , -96.709"
"US0075 , US , 32.9900 , -96.710"
"US0075 , US , 32.9507 , -96.734"
"US0075 , US , 32.9506 , -96.734"
"US0075 , US , 32.9501 , -96.734"
"US0075 , US , 32.9404 , -96.744"
"US0075 , US , 32.9452 , -96.739"
"US0075 , US , 32.9834 , -96.712"
"US0075 , US , 32.9830 , -96.712"
"US0075 , US , 32.9817 , -96.713"
"US0075 , US , 32.9799 , -96.713"
"US0075 , US , 32.9789 , -96.714"
"US0075 , US , 32.9780 , -96.714"
"US0075 , US , 32.9776 , -96.714"
"US0075 , US , 32.9767 , -96.715"
"US0075 , US , 32.9761 , -96.715"
"US0075 , US , 32.9758 , -96.715"
"US0075 , US , 32.9599 , -96.728"
"US0075 , US , 32.9591 , -96.729"
"US0075 , US , 32.9582 , -96.729"
"US0075 , US , 32.9545 , -96.732"
"US0075 , US , 32.9504 , -96.734"
"US0075 , US , 32.9494 , -96.735"
"US0075 , US , 32.9480 , -96.736"
"US0075 , US , 32.9476 , -96.736"
"US0075 , US , 32.9471 , -96.737"
"US0075 , US , 32.9466 , -96.737"
"US0075 , US , 32.9460 , -96.738"
"US0075 , US , 32.9442 , -96.740"
"US0075 , US , 32.9930 , -96.709"
"US0075 , US , 32.9904 , -96.710"
"US0075 , US , 32.9603 , -96.727"
"US0075 , US , 32.9597 , -96.728"
"US0075 , US , 32.9593 , -96.728"
"US0075 , US , 32.9589 , -96.729"
"US0075 , US , 32.9583 , -96.729"
"US0075 , US , 32.9574 , -96.730"
"US0075 , US , 32.9557 , -96.731"
"US0075 , US , 32.9544 , -96.732"
"US0075 , US , 32.9516 , -96.733"
"US0075 , US , 32.9886 , -96.710"
"US0075 , US , 32.9876 , -96.710"
"US0075 , US , 32.9868 , -96.710"
"US0075 , US , 32.9860 , -96.711"
"US0075 , US , 32.9420 , -96.743"
"US0075 , US , 32.9416 , -96.743"
"US0075 , US , 33.0001 , -96.708"
"US0075 , US , 33.0000 , -96.708"
"US0075 , US , 32.9887 , -96.710"
"US0075 , US , 32.9862 , -96.710"
"US0075 , US , 32.9857 , -96.711"
"US0075 , US , 32.9402 , -96.745"
"US0075 , US , 32.9399 , -96.745"
"US0075 , US , 32.9960 , -96.709"
"US0075 , US , 32.9958 , -96.709"
"US0075 , US , 32.9952 , -96.709"
"US0075 , US , 32.9939 , -96.709"
"US0075 , US , 33.0016 , -96.708"
"US0075 , US , 32.9754 , -96.715"
"US0075 , US , 32.9486 , -96.735"
"US0075 , US , 32.9482 , -96.736"
"US0075 , US , 32.9478 , -96.736"
"US0075 , US , 32.9475 , -96.736"
"US0075 , US , 32.9474 , -96.736"
"US0075 , US , 32.9472 , -96.736"
"US0075 , US , 32.9461 , -96.737"
"US0075 , US , 32.9458 , -96.738"
"US0075 , US , 32.9455 , -96.738"
"US0075 , US , 32.9435 , -96.741"
"US0075 , US , 32.9420 , -96.742"
"US0075 , US , 33.0013 , -96.708"
"US0075 , US , 32.9387 , -96.747"
"US0075 , US , 32.9831 , -96.712"
"US0075 , US , 32.9787 , -96.714"
"US0075 , US , 32.9773 , -96.715"
"US0075 , US , 32.9752 , -96.716"
"US0075 , US , 32.9744 , -96.716"
"US0075 , US , 32.9710 , -96.718"
"US0075 , US , 32.9670 , -96.721"
"US0075 , US , 32.9663 , -96.721"
"US0075 , US , 32.9657 , -96.722"
"US0075 , US , 32.9628 , -96.725"
"US0075 , US , 32.9451 , -96.739"
"US0075 , US , 32.9419 , -96.743"
"US0075 , US , 32.9406 , -96.744"
"US0075 , US , 32.9747 , -96.716"
"US0075 , US , 32.9737 , -96.717"
"US0075 , US , 32.9734 , -96.717"
"US0075 , US , 32.9382 , -96.748"
"US0075 , US , 32.9890 , -96.710"
"US0075 , US , 32.9883 , -96.710"
"US0075 , US , 32.9870 , -96.710"
"US0075 , US , 32.9508 , -96.734"
"US0075 , US , 32.9505 , -96.734"
"US0075 , US , 32.9502 , -96.735"
"US0075 , US , 32.9853 , -96.711"
"US0075 , US , 32.9851 , -96.711"
"US0075 , US , 32.9848 , -96.711"
"US0075 , US , 32.9840 , -96.712"
"US0075 , US , 32.9833 , -96.712"
"US0075 , US , 32.9826 , -96.712"
"US0075 , US , 32.9815 , -96.713"
"US0075 , US , 32.9809 , -96.713"
"US0075 , US , 32.9795 , -96.714"
"US0075 , US , 32.9783 , -96.714"
"US0075 , US , 32.9770 , -96.715"
"US0075 , US , 32.9401 , -96.745"
"US0075 , US , 32.9399 , -96.746"
"US0075 , US , 33.0004 , -96.708"
"US0075 , US , 32.9714 , -96.718"
"US0075 , US , 32.9687 , -96.720"
"US0075 , US , 32.9677 , -96.721"
"US0075 , US , 32.9671 , -96.721"
"US0075 , US , 32.9668 , -96.721"
"US0075 , US , 32.9662 , -96.722"
"US0075 , US , 32.9654 , -96.722"
"US0075 , US , 32.9651 , -96.723"
"US0075 , US , 32.9650 , -96.723"
"US0075 , US , 32.9639 , -96.724"
"US0075 , US , 32.9623 , -96.726"
"US0075 , US , 32.9615 , -96.726"
"US0075 , US , 32.9610 , -96.727"
"US0075 , US , 32.9606 , -96.727"
"US0075 , US , 32.9974 , -96.709"
"US0075 , US , 32.9757 , -96.716"
"US0075 , US , 32.9753 , -96.716"
"US0075 , US , 32.9995 , -96.709"
"US0075 , US , 32.9600 , -96.728"
"US0075 , US , 32.9587 , -96.729"
"US0075 , US , 32.9579 , -96.730"
"US0075 , US , 32.9573 , -96.730"
"US0075 , US , 32.9546 , -96.732"
"US0075 , US , 32.9521 , -96.733"
"US0075 , US , 32.9520 , -96.733"
"US0075 , US , 32.9510 , -96.734"
"US0075 , US , 32.9604 , -96.728"
"US0075 , US , 32.9408 , -96.744"
"US0075 , US , 32.9389 , -96.747"
"US0075 , US , 32.9443 , -96.740"
"US0075 , US , 32.9932 , -96.709"
"US0075 , US , 32.9899 , -96.710"
"US0075 , US , 32.9491 , -96.735"
"US0075 , US , 32.9481 , -96.736"
"US0075 , US , 32.9470 , -96.737"
"US0075 , US , 32.9464 , -96.738"
"SH0190 , SH , 33.0033 , -96.701"
"SH0190 , SH , 33.0031 , -96.700"
"SH0190 , SH , 33.0031 , -96.699"
"SH0190 , SH , 33.0033 , -96.719"
"SH0190 , SH , 32.9999 , -96.756"
"SH0190 , SH , 33.0002 , -96.755"
"SH0190 , SH , 33.0011 , -96.753"
"SH0190 , SH , 33.0017 , -96.751"
"SH0190 , SH , 33.0022 , -96.750"
"US0075 , US , 32.9396 , -96.747"
"US0075 , US , 32.9394 , -96.747"
"SH0190 , SH , 32.9858 , -96.666"
"SH0190 , SH , 32.9850 , -96.666"
"US0075 , US , 32.9849 , -96.712"
"US0075 , US , 32.9838 , -96.712"
"US0075 , US , 32.9951 , -96.709"
"US0075 , US , 32.9945 , -96.710"
"US0075 , US , 32.9940 , -96.710"
"US0075 , US , 32.9686 , -96.720"
"US0075 , US , 32.9680 , -96.721"
"US0075 , US , 32.9678 , -96.721"
"US0075 , US , 32.9674 , -96.721"
"US0075 , US , 32.9660 , -96.722"
"US0075 , US , 32.9648 , -96.723"
"US0075 , US , 32.9640 , -96.724"
"US0075 , US , 32.9636 , -96.725"
"US0075 , US , 32.9634 , -96.725"
"US0075 , US , 32.9629 , -96.725"
"US0075 , US , 32.9622 , -96.726"
"US0075 , US , 32.9598 , -96.729"
"US0075 , US , 32.9584 , -96.730"
"US0075 , US , 32.9578 , -96.730"
"US0075 , US , 32.9577 , -96.730"
"US0075 , US , 32.9570 , -96.731"
"US0075 , US , 32.9864 , -96.711"
"US0075 , US , 33.0003 , -96.709"
"US0075 , US , 32.9424 , -96.743"
"US0075 , US , 32.9418 , -96.743"
"US0075 , US , 32.9415 , -96.744"
"US0075 , US , 32.9920 , -96.710"
"US0075 , US , 32.9919 , -96.710"
"US0075 , US , 32.9907 , -96.710"
"US0075 , US , 32.9898 , -96.710"
"US0075 , US , 32.9802 , -96.714"
"US0075 , US , 32.9800 , -96.714"
"US0075 , US , 32.9797 , -96.714"
"US0075 , US , 32.9790 , -96.714"
"US0075 , US , 32.9782 , -96.715"
"US0075 , US , 32.9778 , -96.715"
"US0075 , US , 32.9760 , -96.716"
"US0075 , US , 32.9738 , -96.717"
"US0075 , US , 32.9735 , -96.717"
"US0075 , US , 32.9733 , -96.717"
"US0075 , US , 32.9726 , -96.718"
"US0075 , US , 32.9721 , -96.718"
"US0075 , US , 32.9715 , -96.719"
"US0075 , US , 32.9713 , -96.719"
"US0075 , US , 32.9712 , -96.719"
"US0075 , US , 32.9708 , -96.719"
"US0075 , US , 32.9703 , -96.719"
"US0075 , US , 32.9695 , -96.720"
"US0075 , US , 32.9692 , -96.720"
"US0075 , US , 32.9689 , -96.720"
"SH0190 , SH , 32.9987 , -96.673"
"SH0190 , SH , 32.9979 , -96.672"
"SH0190 , SH , 32.9974 , -96.671"
"SH0190 , SH , 32.9972 , -96.671"
"SH0190 , SH , 32.9970 , -96.671"
"SH0190 , SH , 32.9963 , -96.671"
"SH0190 , SH , 32.9949 , -96.670"
"SH0190 , SH , 32.9942 , -96.669"
"SH0190 , SH , 32.9936 , -96.669"
"SH0190 , SH , 32.9925 , -96.668"
"SH0190 , SH , 32.9918 , -96.668"
"SH0190 , SH , 32.9912 , -96.668"
"US0075 , US , 32.9847 , -96.712"
"US0075 , US , 32.9832 , -96.712"
"US0075 , US , 32.9819 , -96.713"
"US0075 , US , 32.9811 , -96.713"
"US0075 , US , 32.9805 , -96.714"
"US0075 , US , 32.9803 , -96.714"
"US0075 , US , 32.9413 , -96.744"
"US0075 , US , 32.9409 , -96.745"
"US0075 , US , 32.9405 , -96.745"
"US0075 , US , 32.9403 , -96.746"
"US0075 , US , 32.9935 , -96.710"
"US0075 , US , 32.9393 , -96.747"
"US0075 , US , 32.9390 , -96.747"
"US0075 , US , 32.9386 , -96.748"
"US0075 , US , 32.9385 , -96.748"
"SH0190 , SH , 33.0030 , -96.697"
"SH0190 , SH , 33.0026 , -96.691"
"SH0190 , SH , 33.0024 , -96.687"
"SH0190 , SH , 33.0020 , -96.682"
"SH0190 , SH , 33.0019 , -96.681"
"SH0190 , SH , 33.0018 , -96.680"
"SH0190 , SH , 33.0017 , -96.679"
"SH0190 , SH , 33.0014 , -96.678"
"SH0190 , SH , 33.0010 , -96.677"
"SH0190 , SH , 33.0006 , -96.676"
"SH0190 , SH , 33.0001 , -96.675"
"SH0190 , SH , 32.9992 , -96.674"
"US0075 , US , 32.9893 , -96.710"
"US0075 , US , 32.9888 , -96.710"
"US0075 , US , 32.9885 , -96.710"
"US0075 , US , 32.9878 , -96.711"
"US0075 , US , 32.9873 , -96.711"
"US0075 , US , 32.9869 , -96.711"
"US0075 , US , 32.9867 , -96.711"
"US0075 , US , 32.9863 , -96.711"
"US0075 , US , 33.0007 , -96.709"
"US0075 , US , 32.9568 , -96.731"
"US0075 , US , 32.9565 , -96.731"
"US0075 , US , 32.9552 , -96.732"
"US0075 , US , 32.9534 , -96.733"
"US0075 , US , 32.9526 , -96.733"
"US0075 , US , 32.9515 , -96.734"
"US0075 , US , 32.9495 , -96.735"
"US0075 , US , 32.9492 , -96.736"
"US0075 , US , 32.9477 , -96.737"
"US0075 , US , 32.9473 , -96.737"
"US0075 , US , 32.9468 , -96.737"
"US0075 , US , 32.9463 , -96.738"
"US0075 , US , 32.9456 , -96.739"
"US0075 , US , 32.9448 , -96.740"
"US0075 , US , 32.9444 , -96.740"
"US0075 , US , 32.9440 , -96.741"
"US0075 , US , 32.9437 , -96.741"
"US0075 , US , 32.9436 , -96.741"
"US0075 , US , 32.9433 , -96.742"
"US0075 , US , 32.9430 , -96.742"
"US0075 , US , 32.9426 , -96.743"
"US0075 , US , 32.9425 , -96.743"
"US0075 , US , 32.9414 , -96.743"
"US0075 , US , 32.9412 , -96.743"
"US0075 , US , 32.9407 , -96.744"
"US0075 , US , 32.9896 , -96.709"
"US0075 , US , 32.9395 , -96.745"
"US0075 , US , 32.9392 , -96.745"
"US0075 , US , 32.9391 , -96.746"
"US0075 , US , 32.9901 , -96.709"
"SH0190 , SH , 32.9869 , -96.665"
"SH0190 , SH , 32.9848 , -96.664"
"US0075 , US , 32.9808 , -96.713"
"US0075 , US , 32.9423 , -96.742"
"US0075 , US , 32.9798 , -96.713"
"US0075 , US , 32.9792 , -96.713"
"US0075 , US , 32.9785 , -96.714"
"US0075 , US , 32.9763 , -96.715"
"US0075 , US , 32.9728 , -96.717"
"US0075 , US , 32.9685 , -96.719"
"US0075 , US , 32.9375 , -96.748"
"US0075 , US , 32.9374 , -96.748"
"US0075 , US , 32.9567 , -96.730"
"US0075 , US , 32.9562 , -96.730"
"US0075 , US , 32.9558 , -96.730"
"US0075 , US , 32.9553 , -96.731"
"US0075 , US , 32.9548 , -96.731"
"US0075 , US , 32.9538 , -96.732"
"US0075 , US , 32.9537 , -96.732"
"US0075 , US , 32.9535 , -96.732"
"US0075 , US , 32.9531 , -96.732"
"US0075 , US , 32.9527 , -96.732"
"US0075 , US , 32.9524 , -96.733"
"US0075 , US , 32.9517 , -96.733"
"US0075 , US , 32.9511 , -96.733"
"US0075 , US , 32.9509 , -96.734"
"US0075 , US , 32.9503 , -96.734"
"US0075 , US , 32.9499 , -96.734"
"US0075 , US , 32.9487 , -96.735"
"US0075 , US , 32.9462 , -96.737"
"US0075 , US , 32.9445 , -96.739"
"US0075 , US , 32.9441 , -96.739"
"US0075 , US , 32.9820 , -96.712"
"US0075 , US , 32.9388 , -96.746"
"US0075 , US , 32.9377 , -96.748"
"SH0190 , SH , 32.9845 , -96.664"
"US0075 , US , 32.9635 , -96.724"
"US0075 , US , 32.9882 , -96.710"
"US0075 , US , 32.9865 , -96.710"
"SH0190 , SH , 32.9971 , -96.669"
"US0075 , US , 32.9993 , -96.708"
"US0075 , US , 32.9959 , -96.708"
"US0075 , US , 32.9954 , -96.708"
"US0075 , US , 32.9655 , -96.721"
"US0075 , US , 32.9653 , -96.722"
"US0075 , US , 32.9642 , -96.723"
"US0075 , US , 32.9596 , -96.728"
"US0075 , US , 32.9588 , -96.728"
"US0075 , US , 32.9585 , -96.729"
"US0075 , US , 32.9580 , -96.729"
"SH0190 , SH , 32.9966 , -96.669"
"SH0190 , SH , 32.9934 , -96.667"
"SH0190 , SH , 32.9927 , -96.667"
"SH0190 , SH , 32.9921 , -96.667"
"SH0190 , SH , 32.9910 , -96.666"
"SH0190 , SH , 32.9903 , -96.666"
"SH0190 , SH , 32.9877 , -96.665"
"BRIARIDGE RD , LS , 32.9577 , -96.769"
"CARTHAGE LN , LS , 32.9312 , -96.715"
"CARTHAGE LN , LS , 32.9313 , -96.715"
"EL PENSADOR DR , LS , 32.9652 , -96.769"
"EL PENSADOR DR , LS , 32.9652 , -96.768"
"FALLMEADOW LN , LS , 32.9586 , -96.769"
"DRIVE K  , LS , 32.9351 , -96.748"
"HABERSHAM LN , LS , 32.9539 , -96.769"
"LA COSA DR , LS , 32.9595 , -96.769"
"LAUDER LN , LS , 32.9764 , -96.768"
"PRESTONWOOD DR , LS , 32.9373 , -96.748"
"WATERFALL WAY , LS , 32.9397 , -96.764"
"HIGH PLATEAU DR , LS , 32.9551 , -96.682"
"BRIAROAKS DR , LS , 32.9354 , -96.682"
"GREENVIEW DR , LS , 32.9429 , -96.682"
"HOLFORD RD , LS , 32.9844 , -96.647"
"IVANHOE LN , LS , 32.9644 , -96.682"
"MOONLIGHT DR , LS , 32.9918 , -96.613"
"PARK VISTA RD , LS , 33.0043 , -96.626"
"PARK VISTA RD , LS , 33.0044 , -96.626"
"PARK VISTA RD , LS , 33.0045 , -96.626"
"PARK VISTA RD , LS , 33.0047 , -96.627"
"PARK VISTA RD , LS , 33.0050 , -96.627"
"SAINT THOMAS DR , LS , 33.0043 , -96.622"
"BALTIMORE DR , LS , 32.9336 , -96.700"
"BALTIMORE DR , LS , 32.9335 , -96.695"
"BALTIMORE DR , LS , 32.9335 , -96.690"
"BALTIMORE DR , LS , 32.9335 , -96.689"
"BALTIMORE DR , LS , 32.9335 , -96.688"
"BALTIMORE DR , LS , 32.9335 , -96.686"
"BALTIMORE DR , LS , 32.9335 , -96.685"
"BALTIMORE DR , LS , 32.9334 , -96.685"
"BALTIMORE DR , LS , 32.9333 , -96.685"
"BALTIMORE DR , LS , 32.9333 , -96.684"
"BALTIMORE DR , LS , 32.9333 , -96.683"
"BALTIMORE DR , LS , 32.9346 , -96.683"
"GRACE DR , LS , 32.9410 , -96.725"
"GRACE DR , LS , 32.9411 , -96.725"
"GRACE DR , LS , 32.9421 , -96.725"
"HAYLEY CT , LS , 32.9949 , -96.646"
"HAYLEY CT , LS , 32.9955 , -96.646"
"HAYLEY CT , LS , 32.9957 , -96.646"
"HAYLEY CT , LS , 32.9962 , -96.646"
"HAYLEY CT , LS , 32.9964 , -96.646"
"HAYLEY CT , LS , 32.9967 , -96.646"
"MEADOW VIEW CIR , LS , 32.9723 , -96.755"
"MEADOW VIEW CIR , LS , 32.9723 , -96.754"
"RIDGE CREEK DR , LS , 32.9779 , -96.687"
"RIDGE CREEK DR , LS , 32.9777 , -96.685"
"RIDGE CREEK DR , LS , 32.9772 , -96.684"
"CRESSIDE LN , LS , 32.9364 , -96.716"
"CRESSIDE LN , LS , 32.9372 , -96.716"
"CRESSIDE LN , LS , 32.9376 , -96.716"
"GALAHAD LN , LS , 32.9978 , -96.621"
"GALAHAD LN , LS , 32.9978 , -96.619"
"BINLEY DR , LS , 32.9890 , -96.648"
"BINLEY DR , LS , 32.9889 , -96.645"
"BINLEY DR , LS , 32.9897 , -96.642"
"CIVIC CENTER DR , LS , 32.9601 , -96.733"
"CIVIC CENTER DR , LS , 32.9608 , -96.733"
"ARVADA DR , LS , 32.9714 , -96.696"
"ARVADA DR , LS , 32.9715 , -96.694"
"ARVADA DR , LS , 32.9714 , -96.693"
"ARVADA DR , LS , 32.9714 , -96.692"
"ARVADA DR , LS , 32.9711 , -96.690"
"ARVADA DR , LS , 32.9709 , -96.690"
"ARVADA DR , LS , 32.9707 , -96.689"
"ARVADA DR , LS , 32.9706 , -96.689"
"ARVADA DR , LS , 32.9705 , -96.689"
"ARVADA DR , LS , 32.9704 , -96.687"
"RIDGEMOOR DR , LS , 32.9500 , -96.682"
"EDGEWOOD DR , LS , 32.9358 , -96.712"
"EDGEWOOD DR , LS , 32.9359 , -96.705"
"MAPLELEAF LN , LS , 32.9976 , -96.658"
"MAPLELEAF LN , LS , 32.9990 , -96.658"
"DELMONT DR , LS , 32.9485 , -96.763"
"DELMONT DR , LS , 32.9485 , -96.761"
"DELMONT DR , LS , 32.9488 , -96.760"
"DELMONT DR , LS , 32.9492 , -96.759"
"DELMONT DR , LS , 32.9493 , -96.759"
"DELMONT DR , LS , 32.9493 , -96.758"
"CHAMPION CT , LS , 32.9784 , -96.684"
"CHAMPION CT , LS , 32.9788 , -96.684"
"LILLY LN , LS , 32.9874 , -96.672"
"BRIARFIELD DR , LS , 32.9856 , -96.725"
"DAFFODIL DR , LS , 32.9892 , -96.672"
"DAFFODIL DR , LS , 32.9891 , -96.671"
"OLD BUCKINGHAM RD , LS , 32.9327 , -96.724"
"OLD BUCKINGHAM RD , LS , 32.9326 , -96.723"
"OLD BUCKINGHAM RD , LS , 32.9325 , -96.722"
"OLD BUCKINGHAM RD , LS , 32.9324 , -96.722"
"OLD BUCKINGHAM RD , LS , 32.9323 , -96.722"
"OLD BUCKINGHAM RD , LS , 32.9321 , -96.721"
"HUNTERS GLEN CT , LS , 32.9625 , -96.685"
"HUNTERS GLEN CT , LS , 32.9626 , -96.685"
"HUNTERS GLEN CT , LS , 32.9627 , -96.685"
"HUNTERS GLEN CT , LS , 32.9631 , -96.685"
"MEADOW GLEN ST , LS , 32.9650 , -96.698"
"FLAT CREEK PL , LS , 32.9791 , -96.739"
"FLAT CREEK PL , LS , 32.9793 , -96.738"
"BARRINGTON DR , LS , 33.0026 , -96.618"
"GREENCOVE LN , LS , 32.9484 , -96.707"
"HIDDEN DR , LS , 32.9496 , -96.687"
"PRESTWICK LN , LS , 32.9749 , -96.754"
"PRESTWICK LN , LS , 32.9750 , -96.752"
"PRESTWICK LN , LS , 32.9751 , -96.752"
"DOVE CREEK LN , LS , 32.9859 , -96.645"
"DOVE CREEK LN , LS , 32.9861 , -96.645"
"DOVE CREEK LN , LS , 32.9871 , -96.645"
"DOVE CREEK LN , LS , 32.9879 , -96.645"
"GOLDEN WILLOW LN , LS , 32.9872 , -96.676"
"AMHERST AVE , LS , 32.9497 , -96.693"
"AMHERST AVE , LS , 32.9518 , -96.693"
"AMHERST AVE , LS , 32.9530 , -96.693"
"ELK GROVE DR , LS , 32.9612 , -96.686"
"ELK GROVE DR , LS , 32.9613 , -96.686"
"ELK GROVE DR , LS , 32.9638 , -96.686"
"ELK GROVE DR , LS , 32.9675 , -96.686"
"ELK GROVE DR , LS , 32.9679 , -96.686"
"LAGUNA DR , LS , 32.9428 , -96.753"
"LAGUNA DR , LS , 32.9431 , -96.753"
"LAGUNA DR , LS , 32.9432 , -96.753"
"LAGUNA DR , LS , 32.9434 , -96.754"
"LAGUNA DR , LS , 32.9438 , -96.754"
"LAGUNA DR , LS , 32.9439 , -96.754"
"LAGUNA DR , LS , 32.9465 , -96.753"
"BROOK GLEN PL , LS , 32.9922 , -96.722"
"CROOKED CREEK DR , LS , 32.9933 , -96.714"
"PARK VISTA RD , LS , 32.9969 , -96.624"
"PARK VISTA RD , LS , 32.9969 , -96.625"
"PARK VISTA RD , LS , 32.9984 , -96.625"
"PARK VISTA RD , LS , 33.0005 , -96.625"
"PARK VISTA RD , LS , 33.0015 , -96.625"
"PARK VISTA RD , LS , 33.0029 , -96.625"
"PARK VISTA RD , LS , 33.0040 , -96.626"
"PARK VISTA RD , LS , 33.0041 , -96.626"
"PARK VISTA RD , LS , 33.0042 , -96.626"
"KINDRED LN , LS , 32.9717 , -96.745"
"KINDRED LN , LS , 32.9716 , -96.745"
"COMMERCE DR , LS , 32.9659 , -96.709"
"NEW CASTLE DR , LS , 32.9996 , -96.617"
"NEW CASTLE DR , LS , 32.9996 , -96.616"
"NEW CASTLE DR , LS , 32.9991 , -96.616"
"NEW CASTLE DR , LS , 32.9991 , -96.615"
"NEW CASTLE DR , LS , 32.9990 , -96.614"
"BLUEBONNET DR , LS , 32.9950 , -96.684"
"BLUEBONNET DR , LS , 32.9953 , -96.679"
"BROOKVALE DR , LS , 32.9908 , -96.645"
"BROOKVALE DR , LS , 32.9909 , -96.645"
"BROOKVALE DR , LS , 32.9914 , -96.645"
"CARRINGTON DR , LS , 32.9980 , -96.616"
"CARRINGTON DR , LS , 32.9983 , -96.617"
"APPLERIDGE DR , LS , 32.9865 , -96.636"
"APPLERIDGE DR , LS , 32.9864 , -96.635"
"APPLERIDGE DR , LS , 32.9864 , -96.634"
"APPLERIDGE DR , LS , 32.9865 , -96.633"
"APPLERIDGE DR , LS , 32.9865 , -96.632"
"APPLERIDGE DR , LS , 32.9865 , -96.631"
"APPLERIDGE DR , LS , 32.9865 , -96.630"
"ENGLECREST DR , LS , 32.9702 , -96.697"
"LAHINCH CIR , LS , 32.9355 , -96.717"
"LAHINCH CIR , LS , 32.9357 , -96.717"
"CAMPBELL CT , LS , 32.9745 , -96.733"
"CAMPBELL CT , LS , 32.9746 , -96.733"
"PROVINCETOWN LN , LS , 32.9683 , -96.739"
"PROVINCETOWN LN , LS , 32.9684 , -96.739"
"PROVINCETOWN LN , LS , 32.9691 , -96.738"
"PROVINCETOWN LN , LS , 32.9699 , -96.738"
"PROVINCETOWN LN , LS , 32.9739 , -96.736"
"CYPRESS DR , LS , 32.9607 , -96.766"
"CYPRESS DR , LS , 32.9607 , -96.765"
"CYPRESS DR , LS , 32.9608 , -96.762"
"KIRBY LN , LS , 32.9609 , -96.742"
"KIRBY LN , LS , 32.9616 , -96.742"
"KIRBY LN , LS , 32.9618 , -96.741"
"KIRBY LN , LS , 32.9619 , -96.740"
"MORONEY DR , LS , 32.9948 , -96.635"
"MORONEY DR , LS , 32.9965 , -96.635"
"MORONEY DR , LS , 32.9968 , -96.635"
"MORONEY DR , LS , 32.9975 , -96.635"
"MORONEY DR , LS , 33.0009 , -96.635"
"MORONEY DR , LS , 33.0012 , -96.635"
"OAKMONT DR , LS , 32.9341 , -96.706"
"OAKMONT DR , LS , 32.9337 , -96.706"
"OAKMONT DR , LS , 32.9332 , -96.706"
"BRANDY STATION  , LS , 32.9875 , -96.740"
"ORCHID DR , LS , 32.9884 , -96.670"
"HILLINGDON DR , LS , 32.9902 , -96.621"
"HILLINGDON DR , LS , 32.9912 , -96.620"
"FAIR OAKS DR , LS , 32.9581 , -96.696"
"BARLEY CT , LS , 32.9921 , -96.651"
"BARLEY CT , LS , 32.9924 , -96.651"
"GREENHAVEN DR , LS , 32.9732 , -96.746"
"GREENHAVEN DR , LS , 32.9733 , -96.749"
"GREENHAVEN DR , LS , 32.9740 , -96.751"
"GREENHAVEN DR , LS , 32.9741 , -96.751"
"GREENHAVEN DR , LS , 32.9743 , -96.752"
"GREENHAVEN DR , LS , 32.9755 , -96.752"
"GREENHAVEN DR , LS , 32.9765 , -96.751"
"RIDGEMOOR LN , LS , 32.9937 , -96.699"
"PRESTONWOOD DR , LS , 32.9371 , -96.747"
"PRESTONWOOD DR , LS , 32.9370 , -96.746"
"PRESTONWOOD DR , LS , 32.9369 , -96.746"
"PRESTONWOOD DR , LS , 32.9368 , -96.743"
"PRESTONWOOD DR , LS , 32.9367 , -96.743"
"PRESTONWOOD DR , LS , 32.9366 , -96.743"
"PRESTONWOOD DR , LS , 32.9363 , -96.742"
"CHADWICK PL , LS , 32.9602 , -96.752"
"LAKESIDE BLVD , LS , 32.9766 , -96.713"
"LAKESIDE BLVD , LS , 32.9774 , -96.712"
"LAKESIDE BLVD , LS , 32.9801 , -96.710"
"LAKESIDE BLVD , LS , 32.9804 , -96.710"
"LAKESIDE BLVD , LS , 32.9806 , -96.710"
"LAKESIDE BLVD , LS , 32.9807 , -96.710"
"LAKESIDE BLVD , LS , 32.9810 , -96.710"
"LAKESIDE BLVD , LS , 32.9812 , -96.710"
"LAKESIDE BLVD , LS , 32.9813 , -96.711"
"LAKESIDE BLVD , LS , 32.9814 , -96.711"
"LAKESIDE BLVD , LS , 32.9816 , -96.711"
"LAKESIDE BLVD , LS , 32.9818 , -96.712"
"BROOKWOOD DR , LS , 32.9512 , -96.764"
"BROOKWOOD DR , LS , 32.9529 , -96.765"
"BROOKWOOD DR , LS , 32.9566 , -96.765"
"BROOKWOOD DR , LS , 32.9571 , -96.765"
"DEARBORN DR , LS , 32.9425 , -96.757"
"MURRAY LN , LS , 32.9498 , -96.757"
"MURRAY LN , LS , 32.9490 , -96.757"
"MURRAY LN , LS , 32.9489 , -96.756"
"BLAKE DR , LS , 32.9641 , -96.692"
"BLAKE DR , LS , 32.9645 , -96.691"
"BLAKE DR , LS , 32.9647 , -96.691"
"MAYCRAFT DR , LS , 33.0033 , -96.644"
"MAYCRAFT DR , LS , 33.0034 , -96.643"
"RIDGE CREST DR , LS , 32.9796 , -96.731"
"RIDGE CREST DR , LS , 32.9794 , -96.731"
"RIDGE CREST DR , LS , 32.9786 , -96.729"
"FOXBORO DR , LS , 32.9905 , -96.697"
"FOXBORO DR , LS , 32.9911 , -96.697"
"FOXBORO DR , LS , 32.9915 , -96.697"
"FOXBORO DR , LS , 32.9917 , -96.697"
"FOXBORO DR , LS , 32.9931 , -96.697"
"FOXBORO DR , LS , 32.9941 , -96.696"
"FOXBORO DR , LS , 32.9943 , -96.696"
"BIG HORN LN , LS , 32.9881 , -96.738"
"BIG HORN LN , LS , 32.9880 , -96.738"
"CHEYENNE DR , LS , 32.9664 , -96.757"
"CHEYENNE DR , LS , 32.9681 , -96.756"
"CHEYENNE DR , LS , 32.9690 , -96.756"
"CHEYENNE DR , LS , 32.9696 , -96.756"
"CHEYENNE DR , LS , 32.9697 , -96.756"
"CHEYENNE DR , LS , 32.9700 , -96.756"
"CHEYENNE DR , LS , 32.9701 , -96.756"
"CHEYENNE DR , LS , 32.9730 , -96.756"
"ASCOT DR , LS , 32.9316 , -96.734"
"ASCOT DR , LS , 32.9319 , -96.734"
"HUFFHINES ST , LS , 32.9446 , -96.732"
"HARVEST GLEN DR , LS , 32.9286 , -96.728"
"HARVEST GLEN DR , LS , 32.9285 , -96.724"
"HARVEST GLEN DR , LS , 32.9284 , -96.723"
"HARVEST GLEN DR , LS , 32.9283 , -96.718"
"HARVEST GLEN DR , LS , 32.9276 , -96.718"
"IRIS CT , LS , 32.9961 , -96.680"
"EASTFIELD DR , LS , 32.9344 , -96.690"
"PARKHURST LN , LS , 32.9931 , -96.652"
"N COIT RD , LS , 32.9581 , -96.767"
"COLFAX DR , LS , 32.9450 , -96.761"
"OAKLEAF LN , LS , 33.0007 , -96.657"
"OAKLEAF LN , LS , 33.0005 , -96.656"
"DUNROBIN  , LS , 32.9846 , -96.619"
"DUNROBIN  , LS , 32.9852 , -96.618"
"BEECHWOOD DR , LS , 32.9575 , -96.751"
"GREEN MEADOW DR , LS , 32.9318 , -96.687"
"GREEN MEADOW DR , LS , 32.9320 , -96.687"
"GREEN MEADOW DR , LS , 32.9339 , -96.687"
"GREEN MEADOW DR , LS , 32.9352 , -96.687"
"MIDWAY DR , LS , 32.9528 , -96.709"
"GLENHEATHER DR , LS , 32.9866 , -96.636"
"BIRCH LN , LS , 32.9315 , -96.733"
"BIRCH LN , LS , 32.9314 , -96.733"
"BIRCH LN , LS , 32.9311 , -96.726"
"BIRCH LN , LS , 32.9310 , -96.722"
"BIRCH LN , LS , 32.9322 , -96.721"
"ABINGDON DR , LS , 32.9956 , -96.615"
"E TYLER ST , LS , 32.9483 , -96.715"
"CANYON BROOK DR , LS , 32.9944 , -96.721"
"CANYON BROOK DR , LS , 32.9946 , -96.721"
"CANYON BROOK DR , LS , 32.9947 , -96.721"
"PINERY LN , LS , 32.9928 , -96.726"
"KELLY DR , LS , 32.9977 , -96.638"
"KELLY DR , LS , 32.9973 , -96.637"
"BRIARWOOD CIR , LS , 32.9621 , -96.757"
"CRESTFIELD DR , LS , 33.0044 , -96.641"
"LORRIE DR , LS , 32.9672 , -96.729"
"LORRIE DR , LS , 32.9673 , -96.729"
"PLAZA LN , LS , 32.9417 , -96.758"
"ALBANY PL , LS , 32.9694 , -96.740"
"ALBANY PL , LS , 32.9693 , -96.739"
"LAKEVIEW DR , LS , 32.9559 , -96.752"
"LAKEVIEW DR , LS , 32.9560 , -96.752"
"LAKEVIEW DR , LS , 32.9561 , -96.752"
"LAKEVIEW DR , LS , 32.9563 , -96.752"
"LAKEVIEW DR , LS , 32.9564 , -96.752"
"LAKEVIEW DR , LS , 32.9569 , -96.752"
"LAKEVIEW DR , LS , 32.9572 , -96.752"
"COLUMBIA DR , LS , 32.9550 , -96.692"
"COLUMBIA DR , LS , 32.9556 , -96.691"
"PALMER PL , LS , 32.9447 , -96.749"
"PALMER PL , LS , 32.9457 , -96.748"
"MOHAWK TRL , LS , 32.9665 , -96.758"
"MOHAWK TRL , LS , 32.9688 , -96.760"
"CHAINHURST DR , LS , 32.9863 , -96.650"
"CAMPBELL TRL , LS , 32.9759 , -96.691"
"CORAL CIR , LS , 32.9522 , -96.714"
"N WEATHERRED DR , LS , 32.9523 , -96.746"
"INGLEWOOD DR , LS , 32.9540 , -96.737"
"INGLEWOOD DR , LS , 32.9541 , -96.737"
"INGLEWOOD DR , LS , 32.9542 , -96.737"
"INGLEWOOD DR , LS , 32.9543 , -96.737"
"INGLEWOOD DR , LS , 32.9554 , -96.737"
"BECK DR , LS , 32.9978 , -96.640"
"BECK DR , LS , 32.9974 , -96.639"
"RIVER OAKS LN , LS , 32.9265 , -96.731"
"RIVER OAKS LN , LS , 32.9266 , -96.731"
"HARPERS FERRY  , LS , 32.9836 , -96.744"
"HARPERS FERRY  , LS , 32.9835 , -96.743"
"HIGH MESA PL , LS , 32.9923 , -96.741"
"HIGH MESA PL , LS , 32.9926 , -96.740"
"HIGH MESA PL , LS , 32.9929 , -96.740"
"MEADOWCOVE DR , LS , 32.9724 , -96.685"
"NORWOOD CIR , LS , 32.9986 , -96.617"
"FLAT CREEK DR , LS , 32.9822 , -96.736"
"FLAT CREEK DR , LS , 32.9829 , -96.736"
"BALLYBUNION  , LS , 32.9347 , -96.718"
"BALLYBUNION  , LS , 32.9348 , -96.715"
"BALLYBUNION  , LS , 32.9349 , -96.715"
"BALLYBUNION  , LS , 32.9350 , -96.715"
"GRANDVIEW DR , LS , 32.9828 , -96.726"
"GRANDVIEW DR , LS , 32.9837 , -96.726"
"MARQUETTE DR , LS , 32.9467 , -96.695"
"CEDAR RIDGE DR , LS , 33.0018 , -96.663"
"CEDAR RIDGE DR , LS , 33.0018 , -96.661"
"CEDAR RIDGE DR , LS , 33.0018 , -96.660"
"APOLLO CT , LS , 32.9533 , -96.693"
"ELMSTED DR , LS , 32.9955 , -96.655"
"ELMSTED DR , LS , 32.9955 , -96.654"
"ELMSTED DR , LS , 32.9957 , -96.653"
"CAMBRIDGE DR , LS , 32.9729 , -96.736"
"DEEP VALLEY DR , LS , 32.9756 , -96.744"
"N LINDALE LN , LS , 32.9519 , -96.739"
"N LINDALE LN , LS , 32.9555 , -96.739"
"N LINDALE LN , LS , 32.9590 , -96.739"
"BRECKINRIDGE BLVD , LS , 32.9913 , -96.638"
"BELLMEADE DR , LS , 32.9605 , -96.695"
"DREW LN , LS , 32.9768 , -96.690"
"CARRINGTON CT , LS , 32.9981 , -96.615"
"E PRAIRIE CREEK DR , LS , 32.9781 , -96.722"
"E PRAIRIE CREEK DR , LS , 32.9842 , -96.718"
"BUTLER DR , LS , 32.9422 , -96.694"
"DAWN CIR , LS , 32.9449 , -96.690"
"BETTY DR , LS , 32.9453 , -96.725"
"BETTY DR , LS , 32.9469 , -96.725"
"HIGHLAND PL , LS , 32.9427 , -96.716"
"MEADOW CIR , LS , 32.9338 , -96.684"
"RICHLAND PARK DR , LS , 32.9255 , -96.729"
"RICHLAND PARK DR , LS , 32.9256 , -96.729"
"RICHLAND PARK DR , LS , 32.9257 , -96.729"
"RICHLAND PARK DR , LS , 32.9258 , -96.729"
"RICHLAND PARK DR , LS , 32.9260 , -96.729"
"RICHLAND PARK DR , LS , 32.9267 , -96.728"
"RICHLAND PARK DR , LS , 32.9268 , -96.728"
"RICHLAND PARK DR , LS , 32.9270 , -96.728"
"RICHLAND PARK DR , LS , 32.9271 , -96.728"
"RICHLAND PARK DR , LS , 32.9277 , -96.728"
"RICHLAND PARK DR , LS , 32.9281 , -96.728"
"RICHLAND PARK DR , LS , 32.9289 , -96.728"
"RICHLAND PARK DR , LS , 32.9290 , -96.728"
"RICHLAND PARK DR , LS , 32.9291 , -96.728"
"RICHLAND PARK DR , LS , 32.9292 , -96.727"
"RICHLAND PARK DR , LS , 32.9293 , -96.727"
"RICHLAND PARK DR , LS , 32.9294 , -96.727"
"RICHLAND PARK DR , LS , 32.9303 , -96.727"
"RICHLAND PARK DR , LS , 32.9330 , -96.727"
"RICHLAND PARK DR , LS , 32.9331 , -96.727"
"J J PEARCE DR , LS , 32.9353 , -96.686"
"CRESTVIEW DR , LS , 32.9592 , -96.753"
"NAPIER DR , LS , 32.9328 , -96.711"
"AURORA DR , LS , 32.9698 , -96.692"
"PARK BEND DR , LS , 32.9329 , -96.722"
"PARK BEND DR , LS , 32.9317 , -96.720"
"MELISSA LN , LS , 32.9532 , -96.685"
"RAMS CT , LS , 32.9379 , -96.684"
"N INTERURBAN ST , LS , 32.9513 , -96.731"
"CLEAR LAKECIR  , LS , 32.9827 , -96.730"
"BRISTOL CT , LS , 32.9454 , -96.751"
"BARCLAY DR , LS , 32.9727 , -96.689"
"BARCLAY DR , LS , 32.9722 , -96.688"
"OVERCREEK DR , LS , 32.9839 , -96.723"
"OVERCREEK DR , LS , 32.9841 , -96.723"
"HARNESS LN , LS , 32.9633 , -96.696"
"COUNTRY SIDE LN , LS , 32.9288 , -96.732"
"LAWNMEADOW DR , LS , 32.9825 , -96.736"
"LAWNMEADOW DR , LS , 32.9824 , -96.736"
"LAWNMEADOW DR , LS , 32.9823 , -96.736"
"LAWNMEADOW DR , LS , 32.9821 , -96.735"
"INTERNATIONAL PKWY , LS , 32.9576 , -96.709"
"CRESTOVER DR , LS , 32.9769 , -96.727"
"MOUNT VERNON DR , LS , 32.9345 , -96.699"
"MOUNT VERNON DR , LS , 32.9362 , -96.699"
"E PHILLIPS ST , LS , 32.9459 , -96.733"
"CAP ROCK DR , LS , 32.9771 , -96.731"
"NANTUCKET DR , LS , 32.9762 , -96.740"
"CRESTOVER CIR , LS , 32.9775 , -96.729"
"JACKSON ST , LS , 32.9549 , -96.731"
"JACKSON ST , LS , 32.9536 , -96.728"
"RIDGEDALE DR , LS , 32.9547 , -96.748"
"HARLINGTON LN , LS , 32.9920 , -96.649"
"DEER PARK CIR , LS , 32.9632 , -96.684"
"DALHART DR , LS , 32.9479 , -96.760"
"HILTON DR , LS , 32.9302 , -96.721"
"HILTON DR , LS , 32.9306 , -96.721"
"HILTON DR , LS , 32.9308 , -96.721"
"GLEN COVE DR , LS , 32.9594 , -96.759"
"ANNAPOLIS DR , LS , 32.9342 , -96.704"
"COLGATE DR , LS , 32.9620 , -96.688"
"PRAIRIE DOG RUN , LS , 32.9720 , -96.729"
"CREEKVIEW CT , LS , 32.9381 , -96.733"
"HORSESHOE BND , LS , 32.9343 , -96.718"
"HORSESHOE BND , LS , 32.9356 , -96.718"
"HORSESHOE BND , LS , 32.9360 , -96.718"
"HORSESHOE BND , LS , 32.9365 , -96.718"
"ESSEX DR , LS , 33.0005 , -96.662"
"ESSEX DR , LS , 33.0006 , -96.659"
"LAKETRAIL DR , LS , 32.9309 , -96.719"
"LOCKWOOD DR , LS , 32.9525 , -96.747"
"CYPRESS GROVE CT , LS , 33.0008 , -96.656"
"RICHLAND OAKS DR , LS , 32.9259 , -96.731"
"RICHLAND OAKS DR , LS , 32.9261 , -96.731"
"RICHLAND OAKS DR , LS , 32.9262 , -96.731"
"RICHLAND OAKS DR , LS , 32.9263 , -96.731"
"RICHLAND OAKS DR , LS , 32.9272 , -96.732"
"RICHLAND OAKS DR , LS , 32.9273 , -96.732"
"RICHLAND OAKS DR , LS , 32.9287 , -96.732"
"BERKNER DR , LS , 32.9361 , -96.690"
"LA SALLE DR , LS , 32.9514 , -96.726"
"CHRISTOPHER LN , LS , 32.9982 , -96.636"
"WALTHAM DR , LS , 32.9985 , -96.618"
"TIFFANY TRL , LS , 32.9297 , -96.734"
"TIFFANY TRL , LS , 32.9296 , -96.734"
"WHISPERING OAKS LN , LS , 32.9269 , -96.729"
"ST JOHNS DR , LS , 32.9340 , -96.695"
"SHEFFIELD DR , LS , 32.9305 , -96.733"
"SHEFFIELD DR , LS , 32.9304 , -96.728"
"SHEFFIELD DR , LS , 32.9301 , -96.718"
"SHEFFIELD DR , LS , 32.9300 , -96.718"
"BRADSHAW  , LS , 33.0046 , -96.647"
"RENNER  , LS , 33.0011 , -96.629"
"RENNER  , LS , 33.0011 , -96.628"
"RENNER  , LS , 33.0004 , -96.623"
"ABRAMS RD , LS , 32.9299 , -96.734"
"ABRAMS RD , LS , 32.9275 , -96.735"
"ABRAMS RD , LS , 32.9254 , -96.736"
"ABRAMS RD , LS , 32.9252 , -96.736"
"ABRAMS RD , LS , 32.9251 , -96.736"
"ABRAMS RD , LS , 32.9250 , -96.736"
"ABRAMS RD , LS , 32.9249 , -96.736"
"S GREENVILLE AVE , LS , 32.9236 , -96.740"
"S GREENVILLE AVE , LS , 32.9232 , -96.740"
